Workbook

Sheet OMC wise Summery
A1: District wise Dry Out outlets and disptach Report as on 28-04-2026 @ 11.00 AM
A2: S.NO | B2: Distroct Name | C2: IOCL | P2: HPCL | AC2: BPCL | AP2: Grand Total
C3: Total Outlets Count | D3: Reported by Districts | G3: No of Outlets Dry out reported by OMCs | H3: Total Indents Raised by RO | I3: Total Loads Planned | J3: No. of Loads Dispatched | K3: No. of Loads Received | L3: Quantity Dispatched | N3: Nozzle Sales | P3: Total Outlets Count | Q3: Reported by Districts | T3: No of Outlets Dry out reported by OMCs | U3: Total Indents Raised by RO | V3: Total Loads Planned | W3: No. of Loads Dispatched | X3: No. of Loads Received | Y3: Quantity Dispatched | AA3: Nozzle Sales | AC3: Total Outlets Count | AD3: Reported by Districts | AG3: No of Outlets Dry out reported by OMCs | AH3: Total Indents Raised by RO | AI3: Total Loads Planned | AJ3: No. of Loads Dispatched | AK3: Total Loads Received | AL3: Quantity Dispatched | AN3: Nozzle Sales | AP3: Total Outlets Count | AQ3: Reported by Districts | AT3: No of Outlets Dry out reported by OMCs | AU3: Total Indents Raised by RO | AV3: Total Loads Planned | AW3: No. of Loads Dispatched | AX3: Total Loads Received | AY3: Quantity Despatched | BA3: Nozzle Sales
D4: Out of Total Dry outs reported as on yesterday still Continueing | E4: New Dry outs Added on 28.04.2026 | F4: Total Dry outs | L4: MS (in KL) | M4: HSD (in KL) | N4: MS (in KL) | O4: HSD (in KL) | Q4: Out of Total Dry outs reported as on yesterday still Continueing | R4: New Dry outs Added on 28.04.2026 | S4: Total Dry outs | Y4: MS (in KL) | Z4: HSD (in KL) | AA4: MS (in KL) | AB4: HSD (in KL) | AD4: Out of Total Dry outs reported as on yesterday still Continueing | AE4: New Dry outs Added on 28.04.2026 | AF4: Total Dry outs | AL4: MS (in KL) | AM4: HSD (in KL) | AN4: MS (in KL) | AO4: HSD (in KL) | AQ4: Out of Total Dry outs reported as on yesterday still Continueing | AR4: New Dry outs Added on 28.04.2026 | AS4: Total Dry outs | AY4: MS (in KL) | AZ4: HSD (in KL) | BA4: MS (in KL) | BB4: HSD (in KL)
A5: 1 | B5: Srikakulam | C5: =VLOOKUP(B5,'[1]Summary Sheet'!$C:$D,2,) -> 64 | D5: 6 | E5: 0 | F5: =D5+E5 -> 6 | G5: =VLOOKUP(B5,'[4]OMC wise Summery'!$B:$D,3,) -> 1 | H5: =VLOOKUP(B5,'[4]OMC wise Summery'!$B:$E,4,) -> 32 | I5: =VLOOKUP(B5,'[4]OMC wise Summery'!$B:$F,5,) -> 6 | J5: =VLOOKUP(B5,'[4]OMC wise Summery'!$B:$G,6,) -> 7 | K5: =VLOOKUP(B5,'[4]OMC wise Summery'!$B:$H,7,) -> 0 | L5: =VLOOKUP(B5,'[4]OMC wise Summery'!$B:$I,8,) -> 47 | M5: =VLOOKUP(B5,'[4]OMC wise Summery'!$B:$J,9,) -> 77 | N5: =VLOOKUP(B5,'[4]OMC wise Summery'!$B:$K,10,) -> 89.070857 | O5: =VLOOKUP(B5,'[4]OMC wise Summery'!$B:$L,11,) -> 119.454 | P5: =VLOOKUP(B5,'[2]Summary Sheet'!$C:$L,10,) -> 37 | Q5: 4 | R5: 0 | S5: =R5+Q5 -> 4 | T5: =VLOOKUP(B5,'[5]Summary Sheet'!$C:$E,3,) -> 3 | U5: =VLOOKUP(B5,'[5]Summary Sheet'!$C:$F,4,) -> 15 | V5: =VLOOKUP(B5,'[5]Summary Sheet'!$C:$G,5,) -> 15 | W5: =VLOOKUP(B5,'[5]Summary Sheet'!$C:$H,6,) -> 5 | X5: =VLOOKUP(B5,'[5]Summary Sheet'!$C:$I,7,) -> 0 | Y5: =VLOOKUP(B5,'[5]Summary Sheet'!$C:$J,8,) -> 26 | Z5: =VLOOKUP(B5,'[5]Summary Sheet'!$C:$K,9,) -> 38 | AA5: =VLOOKUP(B5,'[5]Summary Sheet'!$C:$L,10,) -> 24 | AB5: =VLOOKUP(B5,'[5]Summary Sheet'!$C:$M,11,) -> 35 | AC5: =VLOOKUP(B5,'[3]Summary Sheet'!$C:$T,18,) -> 42 | AD5: 6 | AE5: 0 | AF5: =AE5+AD5 -> 6 | AG5: =VLOOKUP(B5,'[6]OMC wise Summery'!$B:$X,23,) -> 1 | AH5: =VLOOKUP(B5,'[6]OMC wise Summery'!$B:$Y,24,) -> 53 | AI5: =VLOOKUP(B5,'[6]OMC wise Summery'!$B:$Z,25,) -> 42.4 | AJ5: =VLOOKUP(B5,'[6]OMC wise Summery'!$B:$AA,26,) -> 12 | AK5: =VLOOKUP(B5,'[6]OMC wise Summery'!$B:$AB,27,) -> 10 | AL5: =VLOOKUP(B5,'[6]OMC wise Summery'!$B:$AC,28,) -> 75 | AM5: =VLOOKUP(B5,'[6]OMC wise Summery'!$B:$AD,29,) -> 81 | AN5: =VLOOKUP(B5,'[6]OMC wise Summery'!$B:$AE,30,) -> 36.309 | AO5: =VLOOKUP(B5,'[6]OMC wise Summery'!$B:$AF,31,) -> 53.996 | AP5: =AC5+P5+C5 -> 143 | AQ5: =AD5+Q5+D5 -> 16 | AR5: =AE5+R5+E5 -> 0 | AS5: =AR5+AQ5 -> 16 | AT5: =AG5+T5+F5 -> 10 | AU5: =AH5+U5+H5 -> 100 | AV5: =AI5+V5+I5 -> 63.4 | AW5: =AJ5+W5+J5 -> 24 | AX5: =AK5+X5+K5 -> 10 | AY5: =AL5+Y5+L5 -> 148 | AZ5: =AM5+Z5+M5 -> 196 | BA5: =AN5+AA5+N5 -> 149.37986 | BB5: =AO5+AB5+O5 -> 208.45
A6: 2 | B6: Vizianagaram | C6: =VLOOKUP(B6,'[1]Summary Sheet'!$C:$D,2,) -> 57 | D6: 4 | E6: 2 | F6: =D6+E6 -> 6 | G6: =VLOOKUP(B6,'[4]OMC wise Summery'!$B:$D,3,) -> 1 | H6: =VLOOKUP(B6,'[4]OMC wise Summery'!$B:$E,4,) -> 24 | I6: =VLOOKUP(B6,'[4]OMC wise Summery'!$B:$F,5,) -> 6 | J6: =VLOOKUP(B6,'[4]OMC wise Summery'!$B:$G,6,) -> 4 | K6: =VLOOKUP(B6,'[4]OMC wise Summery'!$B:$H,7,) -> 0 | L6: =VLOOKUP(B6,'[4]OMC wise Summery'!$B:$I,8,) -> 24 | M6: =VLOOKUP(B6,'[4]OMC wise Summery'!$B:$J,9,) -> 44 | N6: =VLOOKUP(B6,'[4]OMC wise Summery'!$B:$K,10,) -> 53.657 | O6: =VLOOKUP(B6,'[4]OMC wise Summery'!$B:$L,11,) -> 96.369857 | P6: =VLOOKUP(B6,'[2]Summary Sheet'!$C:$L,10,) -> 38 | Q6: 1 | R6: 0 | S6: =R6+Q6 -> 1 | T6: =VLOOKUP(B6,'[5]Summary Sheet'!$C:$E,3,) -> 1 | U6: =VLOOKUP(B6,'[5]Summary Sheet'!$C:$F,4,) -> 25 | V6: =VLOOKUP(B6,'[5]Summary Sheet'!$C:$G,5,) -> 25 | W6: =VLOOKUP(B6,'[5]Summary Sheet'!$C:$H,6,) -> 8 | X6: =VLOOKUP(B6,'[5]Summary Sheet'!$C:$I,7,) -> 0 | Y6: =VLOOKUP(B6,'[5]Summary Sheet'!$C:$J,8,) -> 42 | Z6: =VLOOKUP(B6,'[5]Summary Sheet'!$C:$K,9,) -> 82 | AA6: =VLOOKUP(B6,'[5]Summary Sheet'!$C:$L,10,) -> 43 | AB6: =VLOOKUP(B6,'[5]Summary Sheet'!$C:$M,11,) -> 56 | AC6: =VLOOKUP(B6,'[3]Summary Sheet'!$C:$T,18,) -> 34 | AD6: 1 | AE6: 1 | AF6: =AE6+AD6 -> 2 | AG6: =VLOOKUP(B6,'[6]OMC wise Summery'!$B:$X,23,) -> 4 | AH6: =VLOOKUP(B6,'[6]OMC wise Summery'!$B:$Y,24,) -> 25 | AI6: =VLOOKUP(B6,'[6]OMC wise Summery'!$B:$Z,25,) -> 20 | AJ6: =VLOOKUP(B6,'[6]OMC wise Summery'!$B:$AA,26,) -> 4 | AK6: =VLOOKUP(B6,'[6]OMC wise Summery'!$B:$AB,27,) -> 3 | AL6: =VLOOKUP(B6,'[6]OMC wise Summery'!$B:$AC,28,) -> 22 | AM6: =VLOOKUP(B6,'[6]OMC wise Summery'!$B:$AD,29,) -> 30 | AN6: =VLOOKUP(B6,'[6]OMC wise Summery'!$B:$AE,30,) -> 30.744 | AO6: =VLOOKUP(B6,'[6]OMC wise Summery'!$B:$AF,31,) -> 41.627 | AP6: =AC6+P6+C6 -> 129 | AQ6: =AD6+Q6+D6 -> 6 | AR6: =AE6+R6+E6 -> 3 | AS6: =AR6+AQ6 -> 9 | AT6: =AG6+T6+F6 -> 11 | AU6: =AH6+U6+H6 -> 74 | AV6: =AI6+V6+I6 -> 51 | AW6: =AJ6+W6+J6 -> 16 | AX6: =AK6+X6+K6 -> 3 | AY6: =AL6+Y6+L6 -> 88 | AZ6: =AM6+Z6+M6 -> 156 | BA6: =AN6+AA6+N6 -> 127.401 | BB6: =AO6+AB6+O6 -> 193.99686
A7: 3 | B7: PARVATHIPURAM MANYAM | C7: =VLOOKUP(B7,'[1]Summary Sheet'!$C:$D,2,) -> 20 | D7: 0 | E7: 0 | F7: 0 | G7: =VLOOKUP(B7,'[4]OMC wise Summery'!$B:$D,3,) -> 0 | H7: =VLOOKUP(B7,'[4]OMC wise Summery'!$B:$E,4,) -> 9 | I7: =VLOOKUP(B7,'[4]OMC wise Summery'!$B:$F,5,) -> 1 | J7: =VLOOKUP(B7,'[4]OMC wise Summery'!$B:$G,6,) -> 1 | K7: =VLOOKUP(B7,'[4]OMC wise Summery'!$B:$H,7,) -> 0 | L7: =VLOOKUP(B7,'[4]OMC wise Summery'!$B:$I,8,) -> 4 | M7: =VLOOKUP(B7,'[4]OMC wise Summery'!$B:$J,9,) -> 8 | N7: =VLOOKUP(B7,'[4]OMC wise Summery'!$B:$K,10,) -> 19.216714 | O7: =VLOOKUP(B7,'[4]OMC wise Summery'!$B:$L,11,) -> 31.007286 | P7: =VLOOKUP(B7,'[2]Summary Sheet'!$C:$L,10,) -> 22 | Q7: 0 | R7: 0 | S7: =R7+Q7 -> 0 | T7: =VLOOKUP(B7,'[5]Summary Sheet'!$C:$E,3,) -> 1 | U7: =VLOOKUP(B7,'[5]Summary Sheet'!$C:$F,4,) -> 8 | V7: =VLOOKUP(B7,'[5]Summary Sheet'!$C:$G,5,) -> 8 | W7: =VLOOKUP(B7,'[5]Summary Sheet'!$C:$H,6,) -> 5 | X7: =VLOOKUP(B7,'[5]Summary Sheet'!$C:$I,7,) -> 0 | Y7: =VLOOKUP(B7,'[5]Summary Sheet'!$C:$J,8,) -> 22 | Z7: =VLOOKUP(B7,'[5]Summary Sheet'!$C:$K,9,) -> 50 | AA7: =VLOOKUP(B7,'[5]Summary Sheet'!$C:$L,10,) -> 11 | AB7: =VLOOKUP(B7,'[5]Summary Sheet'!$C:$M,11,) -> 18 | AC7: =VLOOKUP(B7,'[3]Summary Sheet'!$C:$T,18,) -> 11 | AD7: 1 | AE7: 0 | AF7: =AE7+AD7 -> 1 | AG7: =VLOOKUP(B7,'[6]OMC wise Summery'!$B:$X,23,) -> 2 | AH7: =VLOOKUP(B7,'[6]OMC wise Summery'!$B:$Y,24,) -> 3 | AI7: =VLOOKUP(B7,'[6]OMC wise Summery'!$B:$Z,25,) -> 2.4 | AJ7: =VLOOKUP(B7,'[6]OMC wise Summery'!$B:$AA,26,) -> 2 | AK7: =VLOOKUP(B7,'[6]OMC wise Summery'!$B:$AB,27,) -> 2 | AL7: =VLOOKUP(B7,'[6]OMC wise Summery'!$B:$AC,28,) -> 15 | AM7: =VLOOKUP(B7,'[6]OMC wise Summery'!$B:$AD,29,) -> 10 | AN7: =VLOOKUP(B7,'[6]OMC wise Summery'!$B:$AE,30,) -> 4.584 | AO7: =VLOOKUP(B7,'[6]OMC wise Summery'!$B:$AF,31,) -> 2.371 | AP7: =AC7+P7+C7 -> 53 | AQ7: =AD7+Q7+D7 -> 1 | AR7: =AE7+R7+E7 -> 0 | AS7: =AR7+AQ7 -> 1 | AT7: =AG7+T7+F7 -> 3 | AU7: =AH7+U7+H7 -> 20 | AV7: =AI7+V7+I7 -> 11.4 | AW7: =AJ7+W7+J7 -> 8 | AX7: =AK7+X7+K7 -> 2 | AY7: =AL7+Y7+L7 -> 41 | AZ7: =AM7+Z7+M7 -> 68 | BA7: =AN7+AA7+N7 -> 34.800714 | BB7: =AO7+AB7+O7 -> 51.378286
A8: 4 | B8: VISAKHAPATNAM | C8: =VLOOKUP(B8,'[1]Summary Sheet'!$C:$D,2,) -> 39 | D8: 0 | E8: 1 | F8: =D8+E8 -> 1 | G8: =VLOOKUP(B8,'[4]OMC wise Summery'!$B:$D,3,) -> 2 | H8: =VLOOKUP(B8,'[4]OMC wise Summery'!$B:$E,4,) -> 21 | I8: =VLOOKUP(B8,'[4]OMC wise Summery'!$B:$F,5,) -> 4 | J8: =VLOOKUP(B8,'[4]OMC wise Summery'!$B:$G,6,) -> 13 | K8: =VLOOKUP(B8,'[4]OMC wise Summery'!$B:$H,7,) -> 0 | L8: =VLOOKUP(B8,'[4]OMC wise Summery'!$B:$I,8,) -> 83 | M8: =VLOOKUP(B8,'[4]OMC wise Summery'!$B:$J,9,) -> 148 | N8: =VLOOKUP(B8,'[4]OMC wise Summery'!$B:$K,10,) -> 102.02871 | O8: =VLOOKUP(B8,'[4]OMC wise Summery'!$B:$L,11,) -> 150.93929 | P8: =VLOOKUP(B8,'[2]Summary Sheet'!$C:$L,10,) -> 42 | Q8: 0 | R8: 1 | S8: =R8+Q8 -> 1 | T8: =VLOOKUP(B8,'[5]Summary Sheet'!$C:$E,3,) -> 0 | U8: =VLOOKUP(B8,'[5]Summary Sheet'!$C:$F,4,) -> 30 | V8: =VLOOKUP(B8,'[5]Summary Sheet'!$C:$G,5,) -> 30 | W8: =VLOOKUP(B8,'[5]Summary Sheet'!$C:$H,6,) -> 17 | X8: =VLOOKUP(B8,'[5]Summary Sheet'!$C:$I,7,) -> 1 | Y8: =VLOOKUP(B8,'[5]Summary Sheet'!$C:$J,8,) -> 165 | Z8: =VLOOKUP(B8,'[5]Summary Sheet'!$C:$K,9,) -> 172 | AA8: =VLOOKUP(B8,'[5]Summary Sheet'!$C:$L,10,) -> 107 | AB8: =VLOOKUP(B8,'[5]Summary Sheet'!$C:$M,11,) -> 117 | AC8: =VLOOKUP(B8,'[3]Summary Sheet'!$C:$T,18,) -> 41 | AD8: 0 | AE8: 1 | AF8: =AE8+AD8 -> 1 | AG8: =VLOOKUP(B8,'[6]OMC wise Summery'!$B:$X,23,) -> 0 | AH8: =VLOOKUP(B8,'[6]OMC wise Summery'!$B:$Y,24,) -> 30 | AI8: =VLOOKUP(B8,'[6]OMC wise Summery'!$B:$Z,25,) -> 24 | AJ8: =VLOOKUP(B8,'[6]OMC wise Summery'!$B:$AA,26,) -> 9 | AK8: =VLOOKUP(B8,'[6]OMC wise Summery'!$B:$AB,27,) -> 7 | AL8: =VLOOKUP(B8,'[6]OMC wise Summery'!$B:$AC,28,) -> 55 | AM8: =VLOOKUP(B8,'[6]OMC wise Summery'!$B:$AD,29,) -> 61 | AN8: =VLOOKUP(B8,'[6]OMC wise Summery'!$B:$AE,30,) -> 60.686 | AO8: =VLOOKUP(B8,'[6]OMC wise Summery'!$B:$AF,31,) -> 74.36 | AP8: =AC8+P8+C8 -> 122 | AQ8: =AD8+Q8+D8 -> 0 | AR8: =AE8+R8+E8 -> 3 | AS8: =AR8+AQ8 -> 3 | AT8: =AG8+T8+F8 -> 1 | AU8: =AH8+U8+H8 -> 81 | AV8: =AI8+V8+I8 -> 58 | AW8: =AJ8+W8+J8 -> 39 | AX8: =AK8+X8+K8 -> 8 | AY8: =AL8+Y8+L8 -> 303 | AZ8: =AM8+Z8+M8 -> 381 | BA8: =AN8+AA8+N8 -> 269.71471 | BB8: =AO8+AB8+O8 -> 342.29929
A9: 5 | B9: Anakapalli | C9: =VLOOKUP(B9,'[1]Summary Sheet'!$C:$D,2,) -> 61 | D9: 0 | E9: 0 | F9: =D9+E9 -> 0 | G9: =VLOOKUP(B9,'[4]OMC wise Summery'!$B:$D,3,) -> 3 | H9: =VLOOKUP(B9,'[4]OMC wise Summery'!$B:$E,4,) -> 35 | I9: =VLOOKUP(B9,'[4]OMC wise Summery'!$B:$F,5,) -> 5 | J9: =VLOOKUP(B9,'[4]OMC wise Summery'!$B:$G,6,) -> 13 | K9: =VLOOKUP(B9,'[4]OMC wise Summery'!$B:$H,7,) -> 0 | L9: =VLOOKUP(B9,'[4]OMC wise Summery'!$B:$I,8,) -> 61 | M9: =VLOOKUP(B9,'[4]OMC wise Summery'!$B:$J,9,) -> 185 | N9: =VLOOKUP(B9,'[4]OMC wise Summery'!$B:$K,10,) -> 77.132857 | O9: =VLOOKUP(B9,'[4]OMC wise Summery'!$B:$L,11,) -> 235.575 | P9: =VLOOKUP(B9,'[2]Summary Sheet'!$C:$L,10,) -> 68 | Q9: 0 | R9: 0 | S9: =R9+Q9 -> 0 | T9: =VLOOKUP(B9,'[5]Summary Sheet'!$C:$E,3,) -> 3 | U9: =VLOOKUP(B9,'[5]Summary Sheet'!$C:$F,4,) -> 35 | V9: =VLOOKUP(B9,'[5]Summary Sheet'!$C:$G,5,) -> 35 | W9: =VLOOKUP(B9,'[5]Summary Sheet'!$C:$H,6,) -> 14 | X9: =VLOOKUP(B9,'[5]Summary Sheet'!$C:$I,7,) -> 0 | Y9: =VLOOKUP(B9,'[5]Summary Sheet'!$C:$J,8,) -> 68 | Z9: =VLOOKUP(B9,'[5]Summary Sheet'!$C:$K,9,) -> 156 | AA9: =VLOOKUP(B9,'[5]Summary Sheet'!$C:$L,10,) -> 35 | AB9: =VLOOKUP(B9,'[5]Summary Sheet'!$C:$M,11,) -> 101 | AC9: =VLOOKUP(B9,'[3]Summary Sheet'!$C:$T,18,) -> 47 | AD9: 0 | AE9: 0 | AF9: =AE9+AD9 -> 0 | AG9: =VLOOKUP(B9,'[6]OMC wise Summery'!$B:$X,23,) -> 2 | AH9: =VLOOKUP(B9,'[6]OMC wise Summery'!$B:$Y,24,) -> 46 | AI9: =VLOOKUP(B9,'[6]OMC wise Summery'!$B:$Z,25,) -> 36.8 | AJ9: =VLOOKUP(B9,'[6]OMC wise Summery'!$B:$AA,26,) -> 16 | AK9: =VLOOKUP(B9,'[6]OMC wise Summery'!$B:$AB,27,) -> 8 | AL9: =VLOOKUP(B9,'[6]OMC wise Summery'!$B:$AC,28,) -> 51 | AM9: =VLOOKUP(B9,'[6]OMC wise Summery'!$B:$AD,29,) -> 170 | AN9: =VLOOKUP(B9,'[6]OMC wise Summery'!$B:$AE,30,) -> 16.898 | AO9: =VLOOKUP(B9,'[6]OMC wise Summery'!$B:$AF,31,) -> 68.104 | AP9: =AC9+P9+C9 -> 176 | AQ9: =AD9+Q9+D9 -> 0 | AR9: =AE9+R9+E9 -> 0 | AS9: =AR9+AQ9 -> 0 | AT9: =AG9+T9+F9 -> 5 | AU9: =AH9+U9+H9 -> 116 | AV9: =AI9+V9+I9 -> 76.8 | AW9: =AJ9+W9+J9 -> 43 | AX9: =AK9+X9+K9 -> 8 | AY9: =AL9+Y9+L9 -> 180 | AZ9: =AM9+Z9+M9 -> 511 | BA9: =AN9+AA9+N9 -> 129.03086 | BB9: =AO9+AB9+O9 -> 404.679
A10: 6 | B10: Polavaram | C10: =VLOOKUP(B10,'[1]Summary Sheet'!$C:$D,2,) -> 0 | D10: 0 | E10: 0 | F10: =D10+E10 -> 0 | G10: =VLOOKUP(B10,'[4]OMC wise Summery'!$B:$D,3,) -> 0 | H10: =VLOOKUP(B10,'[4]OMC wise Summery'!$B:$E,4,) -> 0 | I10: =VLOOKUP(B10,'[4]OMC wise Summery'!$B:$F,5,) -> 0 | J10: =VLOOKUP(B10,'[4]OMC wise Summery'!$B:$G,6,) -> 0 | K10: =VLOOKUP(B10,'[4]OMC wise Summery'!$B:$H,7,) -> 0 | L10: =VLOOKUP(B10,'[4]OMC wise Summery'!$B:$I,8,) -> 0 | M10: =VLOOKUP(B10,'[4]OMC wise Summery'!$B:$J,9,) -> 0 | N10: =VLOOKUP(B10,'[4]OMC wise Summery'!$B:$K,10,) -> 0 | O10: =VLOOKUP(B10,'[4]OMC wise Summery'!$B:$L,11,) -> 0 | P10: =VLOOKUP(B10,'[2]Summary Sheet'!$C:$L,10,) -> 0 | Q10: 0 | R10: 0 | S10: =R10+Q10 -> 0 | T10: =VLOOKUP(B10,'[5]Summary Sheet'!$C:$E,3,) -> 0 | U10: =VLOOKUP(B10,'[5]Summary Sheet'!$C:$F,4,) -> 0 | V10: =VLOOKUP(B10,'[5]Summary Sheet'!$C:$G,5,) -> 0 | W10: =VLOOKUP(B10,'[5]Summary Sheet'!$C:$H,6,) -> 0 | X10: =VLOOKUP(B10,'[5]Summary Sheet'!$C:$I,7,) -> 0 | Y10: =VLOOKUP(B10,'[5]Summary Sheet'!$C:$J,8,) -> 0 | Z10: =VLOOKUP(B10,'[5]Summary Sheet'!$C:$K,9,) -> 0 | AA10: =VLOOKUP(B10,'[5]Summary Sheet'!$C:$L,10,) -> 0 | AB10: =VLOOKUP(B10,'[5]Summary Sheet'!$C:$M,11,) -> 0 | AC10: =VLOOKUP(B10,'[3]Summary Sheet'!$C:$T,18,) -> 3 | AD10: 0 | AE10: 1 | AF10: =AE10+AD10 -> 1 | AG10: =VLOOKUP(B10,'[6]OMC wise Summery'!$B:$X,23,) -> 3 | AH10: =VLOOKUP(B10,'[6]OMC wise Summery'!$B:$Y,24,) -> 1 | AI10: =VLOOKUP(B10,'[6]OMC wise Summery'!$B:$Z,25,) -> 0.8 | AJ10: =VLOOKUP(B10,'[6]OMC wise Summery'!$B:$AA,26,) -> 1 | AK10: =VLOOKUP(B10,'[6]OMC wise Summery'!$B:$AB,27,) -> 0 | AL10: =VLOOKUP(B10,'[6]OMC wise Summery'!$B:$AC,28,) -> 3 | AM10: =VLOOKUP(B10,'[6]OMC wise Summery'!$B:$AD,29,) -> 8 | AN10: =VLOOKUP(B10,'[6]OMC wise Summery'!$B:$AE,30,) -> 4.2 | AO10: =VLOOKUP(B10,'[6]OMC wise Summery'!$B:$AF,31,) -> 3.1 | AP10: =AC10+P10+C10 -> 3 | AQ10: =AD10+Q10+D10 -> 0 | AR10: =AE10+R10+E10 -> 1 | AS10: =AR10+AQ10 -> 1 | AT10: =AG10+T10+F10 -> 3 | AU10: =AH10+U10+H10 -> 1 | AV10: =AI10+V10+I10 -> 0.8 | AW10: =AJ10+W10+J10 -> 1 | AX10: =AK10+X10+K10 -> 0 | AY10: =AL10+Y10+L10 -> 3 | AZ10: =AM10+Z10+M10 -> 8 | BA10: =AN10+AA10+N10 -> 4.2 | BB10: =AO10+AB10+O10 -> 3.1
A11: 7 | B11: East Godavari | C11: =VLOOKUP(B11,'[1]Summary Sheet'!$C:$D,2,) -> 80 | D11: 1 | E11: 2 | F11: =D11+E11 -> 3 | G11: =VLOOKUP(B11,'[4]OMC wise Summery'!$B:$D,3,) -> 5 | H11: =VLOOKUP(B11,'[4]OMC wise Summery'!$B:$E,4,) -> 57 | I11: =VLOOKUP(B11,'[4]OMC wise Summery'!$B:$F,5,) -> 4 | J11: =VLOOKUP(B11,'[4]OMC wise Summery'!$B:$G,6,) -> 29 | K11: =VLOOKUP(B11,'[4]OMC wise Summery'!$B:$H,7,) -> 7 | L11: =VLOOKUP(B11,'[4]OMC wise Summery'!$B:$I,8,) -> 138 | M11: =VLOOKUP(B11,'[4]OMC wise Summery'!$B:$J,9,) -> 260 | N11: =VLOOKUP(B11,'[4]OMC wise Summery'!$B:$K,10,) -> 160.51486 | O11: =VLOOKUP(B11,'[4]OMC wise Summery'!$B:$L,11,) -> 217.53629 | P11: =VLOOKUP(B11,'[2]Summary Sheet'!$C:$L,10,) -> 64 | Q11: 2 | R11: 3 | S11: =R11+Q11 -> 5 | T11: =VLOOKUP(B11,'[5]Summary Sheet'!$C:$E,3,) -> 6 | U11: =VLOOKUP(B11,'[5]Summary Sheet'!$C:$F,4,) -> 35 | V11: =VLOOKUP(B11,'[5]Summary Sheet'!$C:$G,5,) -> 35 | W11: =VLOOKUP(B11,'[5]Summary Sheet'!$C:$H,6,) -> 15 | X11: =VLOOKUP(B11,'[5]Summary Sheet'!$C:$I,7,) -> 6 | Y11: =VLOOKUP(B11,'[5]Summary Sheet'!$C:$J,8,) -> 86 | Z11: =VLOOKUP(B11,'[5]Summary Sheet'!$C:$K,9,) -> 130 | AA11: =VLOOKUP(B11,'[5]Summary Sheet'!$C:$L,10,) -> 24 | AB11: =VLOOKUP(B11,'[5]Summary Sheet'!$C:$M,11,) -> 40 | AC11: =VLOOKUP(B11,'[3]Summary Sheet'!$C:$T,18,) -> 48 | AD11: 3 | AE11: 0 | AF11: =AE11+AD11 -> 3 | AG11: =VLOOKUP(B11,'[6]OMC wise Summery'!$B:$X,23,) -> 1 | AH11: =VLOOKUP(B11,'[6]OMC wise Summery'!$B:$Y,24,) -> 33 | AI11: =VLOOKUP(B11,'[6]OMC wise Summery'!$B:$Z,25,) -> 26.4 | AJ11: =VLOOKUP(B11,'[6]OMC wise Summery'!$B:$AA,26,) -> 10 | AK11: =VLOOKUP(B11,'[6]OMC wise Summery'!$B:$AB,27,) -> 0 | AL11: =VLOOKUP(B11,'[6]OMC wise Summery'!$B:$AC,28,) -> 31 | AM11: =VLOOKUP(B11,'[6]OMC wise Summery'!$B:$AD,29,) -> 97 | AN11: =VLOOKUP(B11,'[6]OMC wise Summery'!$B:$AE,30,) -> 13.35 | AO11: =VLOOKUP(B11,'[6]OMC wise Summery'!$B:$AF,31,) -> 67.535 | AP11: =AC11+P11+C11 -> 192 | AQ11: =AD11+Q11+D11 -> 6 | AR11: =AE11+R11+E11 -> 5 | AS11: =AR11+AQ11 -> 11 | AT11: =AG11+T11+F11 -> 10 | AU11: =AH11+U11+H11 -> 125 | AV11: =AI11+V11+I11 -> 65.4 | AW11: =AJ11+W11+J11 -> 54 | AX11: =AK11+X11+K11 -> 13 | AY11: =AL11+Y11+L11 -> 255 | AZ11: =AM11+Z11+M11 -> 487 | BA11: =AN11+AA11+N11 -> 197.86486 | BB11: =AO11+AB11+O11 -> 325.07129
A12: 8 | B12: Kakinada | C12: =VLOOKUP(B12,'[1]Summary Sheet'!$C:$D,2,) -> 68 | D12: 3 | E12: 0 | F12: =D12+E12 -> 3 | G12: =VLOOKUP(B12,'[4]OMC wise Summery'!$B:$D,3,) -> 5 | H12: =VLOOKUP(B12,'[4]OMC wise Summery'!$B:$E,4,) -> 27 | I12: =VLOOKUP(B12,'[4]OMC wise Summery'!$B:$F,5,) -> 2 | J12: =VLOOKUP(B12,'[4]OMC wise Summery'!$B:$G,6,) -> 15 | K12: =VLOOKUP(B12,'[4]OMC wise Summery'!$B:$H,7,) -> 0 | L12: =VLOOKUP(B12,'[4]OMC wise Summery'!$B:$I,8,) -> 97 | M12: =VLOOKUP(B12,'[4]OMC wise Summery'!$B:$J,9,) -> 150 | N12: =VLOOKUP(B12,'[4]OMC wise Summery'!$B:$K,10,) -> 100.27243 | O12: =VLOOKUP(B12,'[4]OMC wise Summery'!$B:$L,11,) -> 152.27 | P12: =VLOOKUP(B12,'[2]Summary Sheet'!$C:$L,10,) -> 72 | Q12: 8 | R12: 0 | S12: =R12+Q12 -> 8 | T12: =VLOOKUP(B12,'[5]Summary Sheet'!$C:$E,3,) -> 6 | U12: =VLOOKUP(B12,'[5]Summary Sheet'!$C:$F,4,) -> 35 | V12: =VLOOKUP(B12,'[5]Summary Sheet'!$C:$G,5,) -> 35 | W12: =VLOOKUP(B12,'[5]Summary Sheet'!$C:$H,6,) -> 12 | X12: =VLOOKUP(B12,'[5]Summary Sheet'!$C:$I,7,) -> 4 | Y12: =VLOOKUP(B12,'[5]Summary Sheet'!$C:$J,8,) -> 71 | Z12: =VLOOKUP(B12,'[5]Summary Sheet'!$C:$K,9,) -> 115 | AA12: =VLOOKUP(B12,'[5]Summary Sheet'!$C:$L,10,) -> 28 | AB12: =VLOOKUP(B12,'[5]Summary Sheet'!$C:$M,11,) -> 67 | AC12: =VLOOKUP(B12,'[3]Summary Sheet'!$C:$T,18,) -> 42 | AD12: 6 | AE12: 0 | AF12: =AE12+AD12 -> 6 | AG12: =VLOOKUP(B12,'[6]OMC wise Summery'!$B:$X,23,) -> 6 | AH12: =VLOOKUP(B12,'[6]OMC wise Summery'!$B:$Y,24,) -> 32 | AI12: =VLOOKUP(B12,'[6]OMC wise Summery'!$B:$Z,25,) -> 25.6 | AJ12: =VLOOKUP(B12,'[6]OMC wise Summery'!$B:$AA,26,) -> 13 | AK12: =VLOOKUP(B12,'[6]OMC wise Summery'!$B:$AB,27,) -> 7 | AL12: =VLOOKUP(B12,'[6]OMC wise Summery'!$B:$AC,28,) -> 61 | AM12: =VLOOKUP(B12,'[6]OMC wise Summery'!$B:$AD,29,) -> 114 | AN12: =VLOOKUP(B12,'[6]OMC wise Summery'!$B:$AE,30,) -> 29.091 | AO12: =VLOOKUP(B12,'[6]OMC wise Summery'!$B:$AF,31,) -> 76.342 | AP12: =AC12+P12+C12 -> 182 | AQ12: =AD12+Q12+D12 -> 17 | AR12: =AE12+R12+E12 -> 0 | AS12: =AR12+AQ12 -> 17 | AT12: =AG12+T12+F12 -> 15 | AU12: =AH12+U12+H12 -> 94 | AV12: =AI12+V12+I12 -> 62.6 | AW12: =AJ12+W12+J12 -> 40 | AX12: =AK12+X12+K12 -> 11 | AY12: =AL12+Y12+L12 -> 229 | AZ12: =AM12+Z12+M12 -> 379 | BA12: =AN12+AA12+N12 -> 157.36343 | BB12: =AO12+AB12+O12 -> 295.612
A13: 9 | B13: ALLURI SEETHARAMA RAJU | C13: =VLOOKUP(B13,'[1]Summary Sheet'!$C:$D,2,) -> 8 | D13: 1 | E13: 0 | F13: =D13+E13 -> 1 | G13: =VLOOKUP(B13,'[4]OMC wise Summery'!$B:$D,3,) -> 1 | H13: =VLOOKUP(B13,'[4]OMC wise Summery'!$B:$E,4,) -> 5 | I13: =VLOOKUP(B13,'[4]OMC wise Summery'!$B:$F,5,) -> 0 | J13: =VLOOKUP(B13,'[4]OMC wise Summery'!$B:$G,6,) -> 1 | K13: =VLOOKUP(B13,'[4]OMC wise Summery'!$B:$H,7,) -> 0 | L13: =VLOOKUP(B13,'[4]OMC wise Summery'!$B:$I,8,) -> 4 | M13: =VLOOKUP(B13,'[4]OMC wise Summery'!$B:$J,9,) -> 8 | N13: =VLOOKUP(B13,'[4]OMC wise Summery'!$B:$K,10,) -> 18.648286 | O13: =VLOOKUP(B13,'[4]OMC wise Summery'!$B:$L,11,) -> 16.256714 | P13: =VLOOKUP(B13,'[2]Summary Sheet'!$C:$L,10,) -> 20 | Q13: 1 | R13: 0 | S13: =R13+Q13 -> 1 | T13: =VLOOKUP(B13,'[5]Summary Sheet'!$C:$E,3,) -> 1 | U13: =VLOOKUP(B13,'[5]Summary Sheet'!$C:$F,4,) -> 6 | V13: =VLOOKUP(B13,'[5]Summary Sheet'!$C:$G,5,) -> 6 | W13: =VLOOKUP(B13,'[5]Summary Sheet'!$C:$H,6,) -> 5 | X13: =VLOOKUP(B13,'[5]Summary Sheet'!$C:$I,7,) -> 0 | Y13: =VLOOKUP(B13,'[5]Summary Sheet'!$C:$J,8,) -> 32 | Z13: =VLOOKUP(B13,'[5]Summary Sheet'!$C:$K,9,) -> 38 | AA13: =VLOOKUP(B13,'[5]Summary Sheet'!$C:$L,10,) -> 12 | AB13: =VLOOKUP(B13,'[5]Summary Sheet'!$C:$M,11,) -> 37 | AC13: =VLOOKUP(B13,'[3]Summary Sheet'!$C:$T,18,) -> 7 | AD13: 1 | AE13: 0 | AF13: =AE13+AD13 -> 1 | AG13: =VLOOKUP(B13,'[6]OMC wise Summery'!$B:$X,23,) -> 1 | AH13: =VLOOKUP(B13,'[6]OMC wise Summery'!$B:$Y,24,) -> 2 | AI13: =VLOOKUP(B13,'[6]OMC wise Summery'!$B:$Z,25,) -> 1.6 | AJ13: =VLOOKUP(B13,'[6]OMC wise Summery'!$B:$AA,26,) -> 2 | AK13: =VLOOKUP(B13,'[6]OMC wise Summery'!$B:$AB,27,) -> 2 | AL13: =VLOOKUP(B13,'[6]OMC wise Summery'!$B:$AC,28,) -> 6 | AM13: =VLOOKUP(B13,'[6]OMC wise Summery'!$B:$AD,29,) -> 9 | AN13: =VLOOKUP(B13,'[6]OMC wise Summery'!$B:$AE,30,) -> 1.657 | AO13: =VLOOKUP(B13,'[6]OMC wise Summery'!$B:$AF,31,) -> 3.603 | AP13: =AC13+P13+C13 -> 35 | AQ13: =AD13+Q13+D13 -> 3 | AR13: =AE13+R13+E13 -> 0 | AS13: =AR13+AQ13 -> 3 | AT13: =AG13+T13+F13 -> 3 | AU13: =AH13+U13+H13 -> 13 | AV13: =AI13+V13+I13 -> 7.6 | AW13: =AJ13+W13+J13 -> 8 | AX13: =AK13+X13+K13 -> 2 | AY13: =AL13+Y13+L13 -> 42 | AZ13: =AM13+Z13+M13 -> 55 | BA13: =AN13+AA13+N13 -> 32.305286 | BB13: =AO13+AB13+O13 -> 56.859714
A14: 10 | B14: Dr Ambedkar Konaseema | C14: =VLOOKUP(B14,'[1]Summary Sheet'!$C:$D,2,) -> 48 | D14: 4 | E14: 2 | F14: =D14+E14 -> 6 | G14: =VLOOKUP(B14,'[4]OMC wise Summery'!$B:$D,3,) -> 1 | H14: =VLOOKUP(B14,'[4]OMC wise Summery'!$B:$E,4,) -> 25 | I14: =VLOOKUP(B14,'[4]OMC wise Summery'!$B:$F,5,) -> 3 | J14: =VLOOKUP(B14,'[4]OMC wise Summery'!$B:$G,6,) -> 8 | K14: =VLOOKUP(B14,'[4]OMC wise Summery'!$B:$H,7,) -> 0 | L14: =VLOOKUP(B14,'[4]OMC wise Summery'!$B:$I,8,) -> 32 | M14: =VLOOKUP(B14,'[4]OMC wise Summery'!$B:$J,9,) -> 78 | N14: =VLOOKUP(B14,'[4]OMC wise Summery'!$B:$K,10,) -> 92.134571 | O14: =VLOOKUP(B14,'[4]OMC wise Summery'!$B:$L,11,) -> 125.357 | P14: =VLOOKUP(B14,'[2]Summary Sheet'!$C:$L,10,) -> 38 | Q14: 3 | R14: 0 | S14: =R14+Q14 -> 3 | T14: =VLOOKUP(B14,'[5]Summary Sheet'!$C:$E,3,) -> 5 | U14: =VLOOKUP(B14,'[5]Summary Sheet'!$C:$F,4,) -> 19 | V14: =VLOOKUP(B14,'[5]Summary Sheet'!$C:$G,5,) -> 19 | W14: =VLOOKUP(B14,'[5]Summary Sheet'!$C:$H,6,) -> 10 | X14: =VLOOKUP(B14,'[5]Summary Sheet'!$C:$I,7,) -> 4 | Y14: =VLOOKUP(B14,'[5]Summary Sheet'!$C:$J,8,) -> 72 | Z14: =VLOOKUP(B14,'[5]Summary Sheet'!$C:$K,9,) -> 98 | AA14: =VLOOKUP(B14,'[5]Summary Sheet'!$C:$L,10,) -> 22 | AB14: =VLOOKUP(B14,'[5]Summary Sheet'!$C:$M,11,) -> 37 | AC14: =VLOOKUP(B14,'[3]Summary Sheet'!$C:$T,18,) -> 22 | AD14: 0 | AE14: 1 | AF14: =AE14+AD14 -> 1 | AG14: =VLOOKUP(B14,'[6]OMC wise Summery'!$B:$X,23,) -> 4 | AH14: =VLOOKUP(B14,'[6]OMC wise Summery'!$B:$Y,24,) -> 16 | AI14: =VLOOKUP(B14,'[6]OMC wise Summery'!$B:$Z,25,) -> 12.8 | AJ14: =VLOOKUP(B14,'[6]OMC wise Summery'!$B:$AA,26,) -> 5 | AK14: =VLOOKUP(B14,'[6]OMC wise Summery'!$B:$AB,27,) -> 0 | AL14: =VLOOKUP(B14,'[6]OMC wise Summery'!$B:$AC,28,) -> 13 | AM14: =VLOOKUP(B14,'[6]OMC wise Summery'!$B:$AD,29,) -> 45 | AN14: =VLOOKUP(B14,'[6]OMC wise Summery'!$B:$AE,30,) -> 11.718 | AO14: =VLOOKUP(B14,'[6]OMC wise Summery'!$B:$AF,31,) -> 23.2 | AP14: =AC14+P14+C14 -> 108 | AQ14: =AD14+Q14+D14 -> 7 | AR14: =AE14+R14+E14 -> 3 | AS14: =AR14+AQ14 -> 10 | AT14: =AG14+T14+F14 -> 15 | AU14: =AH14+U14+H14 -> 60 | AV14: =AI14+V14+I14 -> 34.8 | AW14: =AJ14+W14+J14 -> 23 | AX14: =AK14+X14+K14 -> 4 | AY14: =AL14+Y14+L14 -> 117 | AZ14: =AM14+Z14+M14 -> 221 | BA14: =AN14+AA14+N14 -> 125.85257 | BB14: =AO14+AB14+O14 -> 185.557
A15: 11 | B15: West Godavari | C15: =VLOOKUP(B15,'[1]Summary Sheet'!$C:$D,2,) -> 86 | D15: 11 | E15: 0 | F15: =D15+E15 -> 11 | G15: =VLOOKUP(B15,'[4]OMC wise Summery'!$B:$D,3,) -> 3 | H15: =VLOOKUP(B15,'[4]OMC wise Summery'!$B:$E,4,) -> 50 | I15: =VLOOKUP(B15,'[4]OMC wise Summery'!$B:$F,5,) -> 3 | J15: =VLOOKUP(B15,'[4]OMC wise Summery'!$B:$G,6,) -> 17 | K15: =VLOOKUP(B15,'[4]OMC wise Summery'!$B:$H,7,) -> 5 | L15: =VLOOKUP(B15,'[4]OMC wise Summery'!$B:$I,8,) -> 91 | M15: =VLOOKUP(B15,'[4]OMC wise Summery'!$B:$J,9,) -> 167 | N15: =VLOOKUP(B15,'[4]OMC wise Summery'!$B:$K,10,) -> 131.84529 | O15: =VLOOKUP(B15,'[4]OMC wise Summery'!$B:$L,11,) -> 197.92414 | P15: =VLOOKUP(B15,'[2]Summary Sheet'!$C:$L,10,) -> 41 | Q15: 3 | R15: 2 | S15: =R15+Q15 -> 5 | T15: =VLOOKUP(B15,'[5]Summary Sheet'!$C:$E,3,) -> 3 | U15: =VLOOKUP(B15,'[5]Summary Sheet'!$C:$F,4,) -> 33 | V15: =VLOOKUP(B15,'[5]Summary Sheet'!$C:$G,5,) -> 30 | W15: =VLOOKUP(B15,'[5]Summary Sheet'!$C:$H,6,) -> 7 | X15: =VLOOKUP(B15,'[5]Summary Sheet'!$C:$I,7,) -> 7 | Y15: =VLOOKUP(B15,'[5]Summary Sheet'!$C:$J,8,) -> 44 | Z15: =VLOOKUP(B15,'[5]Summary Sheet'!$C:$K,9,) -> 60 | AA15: =VLOOKUP(B15,'[5]Summary Sheet'!$C:$L,10,) -> 9 | AB15: =VLOOKUP(B15,'[5]Summary Sheet'!$C:$M,11,) -> 46 | AC15: =VLOOKUP(B15,'[3]Summary Sheet'!$C:$T,18,) -> 34 | AD15: 10 | AE15: 0 | AF15: =AE15+AD15 -> 10 | AG15: =VLOOKUP(B15,'[6]OMC wise Summery'!$B:$X,23,) -> 1 | AH15: =VLOOKUP(B15,'[6]OMC wise Summery'!$B:$Y,24,) -> 17 | AI15: =VLOOKUP(B15,'[6]OMC wise Summery'!$B:$Z,25,) -> 13.6 | AJ15: =VLOOKUP(B15,'[6]OMC wise Summery'!$B:$AA,26,) -> 9 | AK15: =VLOOKUP(B15,'[6]OMC wise Summery'!$B:$AB,27,) -> 0 | AL15: =VLOOKUP(B15,'[6]OMC wise Summery'!$B:$AC,28,) -> 29 | AM15: =VLOOKUP(B15,'[6]OMC wise Summery'!$B:$AD,29,) -> 87 | AN15: =VLOOKUP(B15,'[6]OMC wise Summery'!$B:$AE,30,) -> 15.114 | AO15: =VLOOKUP(B15,'[6]OMC wise Summery'!$B:$AF,31,) -> 55.02 | AP15: =AC15+P15+C15 -> 161 | AQ15: =AD15+Q15+D15 -> 24 | AR15: =AE15+R15+E15 -> 2 | AS15: =AR15+AQ15 -> 26 | AT15: =AG15+T15+F15 -> 15 | AU15: =AH15+U15+H15 -> 100 | AV15: =AI15+V15+I15 -> 46.6 | AW15: =AJ15+W15+J15 -> 33 | AX15: =AK15+X15+K15 -> 12 | AY15: =AL15+Y15+L15 -> 164 | AZ15: =AM15+Z15+M15 -> 314 | BA15: =AN15+AA15+N15 -> 155.95929 | BB15: =AO15+AB15+O15 -> 298.94414
A16: 12 | B16: Eluru | C16: =VLOOKUP(B16,'[1]Summary Sheet'!$C:$D,2,) -> 91 | D16: 4 | E16: 0 | F16: =D16+E16 -> 4 | G16: =VLOOKUP(B16,'[4]OMC wise Summery'!$B:$D,3,) -> 6 | H16: =VLOOKUP(B16,'[4]OMC wise Summery'!$B:$E,4,) -> 40 | I16: =VLOOKUP(B16,'[4]OMC wise Summery'!$B:$F,5,) -> 2 | J16: =VLOOKUP(B16,'[4]OMC wise Summery'!$B:$G,6,) -> 3 | K16: =VLOOKUP(B16,'[4]OMC wise Summery'!$B:$H,7,) -> 0 | L16: =VLOOKUP(B16,'[4]OMC wise Summery'!$B:$I,8,) -> 25 | M16: =VLOOKUP(B16,'[4]OMC wise Summery'!$B:$J,9,) -> 29 | N16: =VLOOKUP(B16,'[4]OMC wise Summery'!$B:$K,10,) -> 115.53429 | O16: =VLOOKUP(B16,'[4]OMC wise Summery'!$B:$L,11,) -> 164.464 | P16: =VLOOKUP(B16,'[2]Summary Sheet'!$C:$L,10,) -> 69 | Q16: 7 | R16: 1 | S16: =R16+Q16 -> 8 | T16: =VLOOKUP(B16,'[5]Summary Sheet'!$C:$E,3,) -> 4 | U16: =VLOOKUP(B16,'[5]Summary Sheet'!$C:$F,4,) -> 51 | V16: =VLOOKUP(B16,'[5]Summary Sheet'!$C:$G,5,) -> 49 | W16: =VLOOKUP(B16,'[5]Summary Sheet'!$C:$H,6,) -> 13 | X16: =VLOOKUP(B16,'[5]Summary Sheet'!$C:$I,7,) -> 9 | Y16: =VLOOKUP(B16,'[5]Summary Sheet'!$C:$J,8,) -> 81 | Z16: =VLOOKUP(B16,'[5]Summary Sheet'!$C:$K,9,) -> 120 | AA16: =VLOOKUP(B16,'[5]Summary Sheet'!$C:$L,10,) -> 8 | AB16: =VLOOKUP(B16,'[5]Summary Sheet'!$C:$M,11,) -> 43 | AC16: =VLOOKUP(B16,'[3]Summary Sheet'!$C:$T,18,) -> 67 | AD16: 8 | AE16: 0 | AF16: =AE16+AD16 -> 8 | AG16: =VLOOKUP(B16,'[6]OMC wise Summery'!$B:$X,23,) -> 4 | AH16: =VLOOKUP(B16,'[6]OMC wise Summery'!$B:$Y,24,) -> 40 | AI16: =VLOOKUP(B16,'[6]OMC wise Summery'!$B:$Z,25,) -> 32 | AJ16: =VLOOKUP(B16,'[6]OMC wise Summery'!$B:$AA,26,) -> 11 | AK16: =VLOOKUP(B16,'[6]OMC wise Summery'!$B:$AB,27,) -> 2 | AL16: =VLOOKUP(B16,'[6]OMC wise Summery'!$B:$AC,28,) -> 63 | AM16: =VLOOKUP(B16,'[6]OMC wise Summery'!$B:$AD,29,) -> 87 | AN16: =VLOOKUP(B16,'[6]OMC wise Summery'!$B:$AE,30,) -> 32.766 | AO16: =VLOOKUP(B16,'[6]OMC wise Summery'!$B:$AF,31,) -> 78.592 | AP16: =AC16+P16+C16 -> 227 | AQ16: =AD16+Q16+D16 -> 19 | AR16: =AE16+R16+E16 -> 1 | AS16: =AR16+AQ16 -> 20 | AT16: =AG16+T16+F16 -> 12 | AU16: =AH16+U16+H16 -> 131 | AV16: =AI16+V16+I16 -> 83 | AW16: =AJ16+W16+J16 -> 27 | AX16: =AK16+X16+K16 -> 11 | AY16: =AL16+Y16+L16 -> 169 | AZ16: =AM16+Z16+M16 -> 236 | BA16: =AN16+AA16+N16 -> 156.30029 | BB16: =AO16+AB16+O16 -> 286.056
A17: 13 | B17: Guntur | C17: =VLOOKUP(B17,'[1]Summary Sheet'!$C:$D,2,) -> 78 | D17: 9 | E17: 4 | F17: =D17+E17 -> 13 | G17: =VLOOKUP(B17,'[4]OMC wise Summery'!$B:$D,3,) -> 5 | H17: =VLOOKUP(B17,'[4]OMC wise Summery'!$B:$E,4,) -> 42 | I17: =VLOOKUP(B17,'[4]OMC wise Summery'!$B:$F,5,) -> 6 | J17: =VLOOKUP(B17,'[4]OMC wise Summery'!$B:$G,6,) -> 9 | K17: =VLOOKUP(B17,'[4]OMC wise Summery'!$B:$H,7,) -> 3 | L17: =VLOOKUP(B17,'[4]OMC wise Summery'!$B:$I,8,) -> 67 | M17: =VLOOKUP(B17,'[4]OMC wise Summery'!$B:$J,9,) -> 76 | N17: =VLOOKUP(B17,'[4]OMC wise Summery'!$B:$K,10,) -> 135.79357 | O17: =VLOOKUP(B17,'[4]OMC wise Summery'!$B:$L,11,) -> 186.78514 | P17: =VLOOKUP(B17,'[2]Summary Sheet'!$C:$L,10,) -> 62 | Q17: 0 | R17: 2 | S17: =R17+Q17 -> 2 | T17: =VLOOKUP(B17,'[5]Summary Sheet'!$C:$E,3,) -> 10 | U17: =VLOOKUP(B17,'[5]Summary Sheet'!$C:$F,4,) -> 54 | V17: =VLOOKUP(B17,'[5]Summary Sheet'!$C:$G,5,) -> 46 | W17: =VLOOKUP(B17,'[5]Summary Sheet'!$C:$H,6,) -> 16 | X17: =VLOOKUP(B17,'[5]Summary Sheet'!$C:$I,7,) -> 13 | Y17: =VLOOKUP(B17,'[5]Summary Sheet'!$C:$J,8,) -> 108 | Z17: =VLOOKUP(B17,'[5]Summary Sheet'!$C:$K,9,) -> 170 | AA17: =VLOOKUP(B17,'[5]Summary Sheet'!$C:$L,10,) -> 23 | AB17: =VLOOKUP(B17,'[5]Summary Sheet'!$C:$M,11,) -> 47 | AC17: =VLOOKUP(B17,'[3]Summary Sheet'!$C:$T,18,) -> 56 | AD17: 0 | AE17: 1 | AF17: =AE17+AD17 -> 1 | AG17: =VLOOKUP(B17,'[6]OMC wise Summery'!$B:$X,23,) -> 2 | AH17: =VLOOKUP(B17,'[6]OMC wise Summery'!$B:$Y,24,) -> 54 | AI17: =VLOOKUP(B17,'[6]OMC wise Summery'!$B:$Z,25,) -> 43.2 | AJ17: =VLOOKUP(B17,'[6]OMC wise Summery'!$B:$AA,26,) -> 15 | AK17: =VLOOKUP(B17,'[6]OMC wise Summery'!$B:$AB,27,) -> 9 | AL17: =VLOOKUP(B17,'[6]OMC wise Summery'!$B:$AC,28,) -> 63 | AM17: =VLOOKUP(B17,'[6]OMC wise Summery'!$B:$AD,29,) -> 139 | AN17: =VLOOKUP(B17,'[6]OMC wise Summery'!$B:$AE,30,) -> 44.656 | AO17: =VLOOKUP(B17,'[6]OMC wise Summery'!$B:$AF,31,) -> 75.171 | AP17: =AC17+P17+C17 -> 196 | AQ17: =AD17+Q17+D17 -> 9 | AR17: =AE17+R17+E17 -> 7 | AS17: =AR17+AQ17 -> 16 | AT17: =AG17+T17+F17 -> 25 | AU17: =AH17+U17+H17 -> 150 | AV17: =AI17+V17+I17 -> 95.2 | AW17: =AJ17+W17+J17 -> 40 | AX17: =AK17+X17+K17 -> 25 | AY17: =AL17+Y17+L17 -> 238 | AZ17: =AM17+Z17+M17 -> 385 | BA17: =AN17+AA17+N17 -> 203.44957 | BB17: =AO17+AB17+O17 -> 308.95614
A18: 14 | B18: NTR | C18: =VLOOKUP(B18,'[1]Summary Sheet'!$C:$D,2,) -> 87 | D18: 4 | E18: 3 | F18: =D18+E18 -> 7 | G18: =VLOOKUP(B18,'[4]OMC wise Summery'!$B:$D,3,) -> 3 | H18: =VLOOKUP(B18,'[4]OMC wise Summery'!$B:$E,4,) -> 47 | I18: =VLOOKUP(B18,'[4]OMC wise Summery'!$B:$F,5,) -> 4 | J18: =VLOOKUP(B18,'[4]OMC wise Summery'!$B:$G,6,) -> 14 | K18: =VLOOKUP(B18,'[4]OMC wise Summery'!$B:$H,7,) -> 1 | L18: =VLOOKUP(B18,'[4]OMC wise Summery'!$B:$I,8,) -> 104 | M18: =VLOOKUP(B18,'[4]OMC wise Summery'!$B:$J,9,) -> 109 | N18: =VLOOKUP(B18,'[4]OMC wise Summery'!$B:$K,10,) -> 153.91443 | O18: =VLOOKUP(B18,'[4]OMC wise Summery'!$B:$L,11,) -> 268.27357 | P18: =VLOOKUP(B18,'[2]Summary Sheet'!$C:$L,10,) -> 81 | Q18: 14 | R18: 3 | S18: =R18+Q18 -> 17 | T18: =VLOOKUP(B18,'[5]Summary Sheet'!$C:$E,3,) -> 9 | U18: =VLOOKUP(B18,'[5]Summary Sheet'!$C:$F,4,) -> 57 | V18: =VLOOKUP(B18,'[5]Summary Sheet'!$C:$G,5,) -> 55 | W18: =VLOOKUP(B18,'[5]Summary Sheet'!$C:$H,6,) -> 9 | X18: =VLOOKUP(B18,'[5]Summary Sheet'!$C:$I,7,) -> 6 | Y18: =VLOOKUP(B18,'[5]Summary Sheet'!$C:$J,8,) -> 67 | Z18: =VLOOKUP(B18,'[5]Summary Sheet'!$C:$K,9,) -> 87 | AA18: =VLOOKUP(B18,'[5]Summary Sheet'!$C:$L,10,) -> 15 | AB18: =VLOOKUP(B18,'[5]Summary Sheet'!$C:$M,11,) -> 36 | AC18: =VLOOKUP(B18,'[3]Summary Sheet'!$C:$T,18,) -> 46 | AD18: 1 | AE18: 0 | AF18: =AE18+AD18 -> 1 | AG18: =VLOOKUP(B18,'[6]OMC wise Summery'!$B:$X,23,) -> 4 | AH18: =VLOOKUP(B18,'[6]OMC wise Summery'!$B:$Y,24,) -> 58 | AI18: =VLOOKUP(B18,'[6]OMC wise Summery'!$B:$Z,25,) -> 46.4 | AJ18: =VLOOKUP(B18,'[6]OMC wise Summery'!$B:$AA,26,) -> 13 | AK18: =VLOOKUP(B18,'[6]OMC wise Summery'!$B:$AB,27,) -> 7 | AL18: =VLOOKUP(B18,'[6]OMC wise Summery'!$B:$AC,28,) -> 60 | AM18: =VLOOKUP(B18,'[6]OMC wise Summery'!$B:$AD,29,) -> 122 | AN18: =VLOOKUP(B18,'[6]OMC wise Summery'!$B:$AE,30,) -> 35.036 | AO18: =VLOOKUP(B18,'[6]OMC wise Summery'!$B:$AF,31,) -> 50.024 | AP18: =AC18+P18+C18 -> 214 | AQ18: =AD18+Q18+D18 -> 19 | AR18: =AE18+R18+E18 -> 6 | AS18: =AR18+AQ18 -> 25 | AT18: =AG18+T18+F18 -> 20 | AU18: =AH18+U18+H18 -> 162 | AV18: =AI18+V18+I18 -> 105.4 | AW18: =AJ18+W18+J18 -> 36 | AX18: =AK18+X18+K18 -> 14 | AY18: =AL18+Y18+L18 -> 231 | AZ18: =AM18+Z18+M18 -> 318 | BA18: =AN18+AA18+N18 -> 203.95043 | BB18: =AO18+AB18+O18 -> 354.29757
A19: 15 | B19: Krishna | C19: =VLOOKUP(B19,'[1]Summary Sheet'!$C:$D,2,) -> 84 | D19: 0 | E19: 0 | F19: =D19+E19 -> 0 | G19: =VLOOKUP(B19,'[4]OMC wise Summery'!$B:$D,3,) -> 4 | H19: =VLOOKUP(B19,'[4]OMC wise Summery'!$B:$E,4,) -> 30 | I19: =VLOOKUP(B19,'[4]OMC wise Summery'!$B:$F,5,) -> 1 | J19: =VLOOKUP(B19,'[4]OMC wise Summery'!$B:$G,6,) -> 11 | K19: =VLOOKUP(B19,'[4]OMC wise Summery'!$B:$H,7,) -> 4 | L19: =VLOOKUP(B19,'[4]OMC wise Summery'!$B:$I,8,) -> 61 | M19: =VLOOKUP(B19,'[4]OMC wise Summery'!$B:$J,9,) -> 93 | N19: =VLOOKUP(B19,'[4]OMC wise Summery'!$B:$K,10,) -> 123.90743 | O19: =VLOOKUP(B19,'[4]OMC wise Summery'!$B:$L,11,) -> 170.006 | P19: =VLOOKUP(B19,'[2]Summary Sheet'!$C:$L,10,) -> 47 | Q19: 0 | R19: 0 | S19: =R19+Q19 -> 0 | T19: =VLOOKUP(B19,'[5]Summary Sheet'!$C:$E,3,) -> 6 | U19: =VLOOKUP(B19,'[5]Summary Sheet'!$C:$F,4,) -> 33 | V19: =VLOOKUP(B19,'[5]Summary Sheet'!$C:$G,5,) -> 19 | W19: =VLOOKUP(B19,'[5]Summary Sheet'!$C:$H,6,) -> 19 | X19: =VLOOKUP(B19,'[5]Summary Sheet'!$C:$I,7,) -> 19 | Y19: =VLOOKUP(B19,'[5]Summary Sheet'!$C:$J,8,) -> 109 | Z19: =VLOOKUP(B19,'[5]Summary Sheet'!$C:$K,9,) -> 165 | AA19: =VLOOKUP(B19,'[5]Summary Sheet'!$C:$L,10,) -> 9 | AB19: =VLOOKUP(B19,'[5]Summary Sheet'!$C:$M,11,) -> 38 | AC19: =VLOOKUP(B19,'[3]Summary Sheet'!$C:$T,18,) -> 44 | AD19: 0 | AE19: 0 | AF19: =AE19+AD19 -> 0 | AG19: =VLOOKUP(B19,'[6]OMC wise Summery'!$B:$X,23,) -> 3 | AH19: =VLOOKUP(B19,'[6]OMC wise Summery'!$B:$Y,24,) -> 38 | AI19: =VLOOKUP(B19,'[6]OMC wise Summery'!$B:$Z,25,) -> 30.4 | AJ19: =VLOOKUP(B19,'[6]OMC wise Summery'!$B:$AA,26,) -> 11 | AK19: =VLOOKUP(B19,'[6]OMC wise Summery'!$B:$AB,27,) -> 6 | AL19: =VLOOKUP(B19,'[6]OMC wise Summery'!$B:$AC,28,) -> 51 | AM19: =VLOOKUP(B19,'[6]OMC wise Summery'!$B:$AD,29,) -> 97 | AN19: =VLOOKUP(B19,'[6]OMC wise Summery'!$B:$AE,30,) -> 26.744 | AO19: =VLOOKUP(B19,'[6]OMC wise Summery'!$B:$AF,31,) -> 68.022 | AP19: =AC19+P19+C19 -> 175 | AQ19: =AD19+Q19+D19 -> 0 | AR19: =AE19+R19+E19 -> 0 | AS19: =AR19+AQ19 -> 0 | AT19: =AG19+T19+F19 -> 9 | AU19: =AH19+U19+H19 -> 101 | AV19: =AI19+V19+I19 -> 50.4 | AW19: =AJ19+W19+J19 -> 41 | AX19: =AK19+X19+K19 -> 29 | AY19: =AL19+Y19+L19 -> 221 | AZ19: =AM19+Z19+M19 -> 355 | BA19: =AN19+AA19+N19 -> 159.65143 | BB19: =AO19+AB19+O19 -> 276.028
... A32: 28 | B32: SRI SATYA SAI | C32: =VLOOKUP(B32,'[1]Summary Sheet'!$C:$D,2,) -> 71 | D32: 1 | E32: 0 | F32: =D32+E32 -> 1 | G32: =VLOOKUP(B32,'[4]OMC wise Summery'!$B:$D,3,) -> 0 | H32: =VLOOKUP(B32,'[4]OMC wise Summery'!$B:$E,4,) -> 26 | I32: =VLOOKUP(B32,'[4]OMC wise Summery'!$B:$F,5,) -> 2 | J32: =VLOOKUP(B32,'[4]OMC wise Summery'!$B:$G,6,) -> 9 | K32: =VLOOKUP(B32,'[4]OMC wise Summery'!$B:$H,7,) -> 0 | L32: =VLOOKUP(B32,'[4]OMC wise Summery'!$B:$I,8,) -> 50 | M32: =VLOOKUP(B32,'[4]OMC wise Summery'!$B:$J,9,) -> 70 | N32: =VLOOKUP(B32,'[4]OMC wise Summery'!$B:$K,10,) -> 60.008286 | O32: =VLOOKUP(B32,'[4]OMC wise Summery'!$B:$L,11,) -> 74.702571 | P32: =VLOOKUP(B32,'[2]Summary Sheet'!$C:$L,10,) -> 33 | Q32: 1 | R32: 0 | S32: =R32+Q32 -> 1 | T32: =VLOOKUP(B32,'[5]Summary Sheet'!$C:$E,3,) -> 1 | U32: =VLOOKUP(B32,'[5]Summary Sheet'!$C:$F,4,) -> 16 | V32: =VLOOKUP(B32,'[5]Summary Sheet'!$C:$G,5,) -> 13 | W32: =VLOOKUP(B32,'[5]Summary Sheet'!$C:$H,6,) -> 5 | X32: =VLOOKUP(B32,'[5]Summary Sheet'!$C:$I,7,) -> 0 | Y32: =VLOOKUP(B32,'[5]Summary Sheet'!$C:$J,8,) -> 38 | Z32: =VLOOKUP(B32,'[5]Summary Sheet'!$C:$K,9,) -> 42 | AA32: =VLOOKUP(B32,'[5]Summary Sheet'!$C:$L,10,) -> 8.43473 | AB32: =VLOOKUP(B32,'[5]Summary Sheet'!$C:$M,11,) -> 12.57698 | AC32: =VLOOKUP(B32,'[3]Summary Sheet'!$C:$T,18,) -> 25 | AD32: 0 | AE32: 0 | AF32: =AE32+AD32 -> 0 | AG32: =VLOOKUP(B32,'[6]OMC wise Summery'!$B:$X,23,) -> 0 | AH32: =VLOOKUP(B32,'[6]OMC wise Summery'!$B:$Y,24,) -> 33 | AI32: =VLOOKUP(B32,'[6]OMC wise Summery'!$B:$Z,25,) -> 26.4 | AJ32: =VLOOKUP(B32,'[6]OMC wise Summery'!$B:$AA,26,) -> 17 | AK32: =VLOOKUP(B32,'[6]OMC wise Summery'!$B:$AB,27,) -> 12 | AL32: =VLOOKUP(B32,'[6]OMC wise Summery'!$B:$AC,28,) -> 83 | AM32: =VLOOKUP(B32,'[6]OMC wise Summery'!$B:$AD,29,) -> 147 | AN32: =VLOOKUP(B32,'[6]OMC wise Summery'!$B:$AE,30,) -> 14.245 | AO32: =VLOOKUP(B32,'[6]OMC wise Summery'!$B:$AF,31,) -> 14.42 | AP32: =AC32+P32+C32 -> 129 | AQ32: =AD32+Q32+D32 -> 2 | AR32: =AE32+R32+E32 -> 0 | AS32: =AR32+AQ32 -> 2 | AT32: =AG32+T32+F32 -> 2 | AU32: =AH32+U32+H32 -> 75 | AV32: =AI32+V32+I32 -> 41.4 | AW32: =AJ32+W32+J32 -> 31 | AX32: =AK32+X32+K32 -> 12 | AY32: =AL32+Y32+L32 -> 171 | AZ32: =AM32+Z32+M32 -> 259 | BA32: =AN32+AA32+N32 -> 82.688016 | BB32: =AO32+AB32+O32 -> 101.69955
A33: Total | C33: =SUM(C5:C32) -> 1838 | D33: =SUM(D5:D32) -> 120 | E33: =SUM(E5:E32) -> 32 | F33: =SUM(F5:F32) -> 152 | G33: =SUM(G5:G32) -> 67 | H33: =SUM(H5:H32) -> 898 | I33: =SUM(I5:I32) -> 83 | J33: =SUM(J5:J32) -> 323 | ... BB33: =SUM(BB5:BB32) -> 6263.7933
D36: Total Dry Outs reported by Districts | E36: =F33 -> 152 | P36: Total Dry Outs reported by Districts | Q36: =S33 -> 142 | AD36: Total Dry Outs reported by Districts | AE36: =AF33 -> 90 | AO36: Total Dry Outs reported by Districts | AP36: =AS33 -> 384
D37: Total Dry Outs reported by OMCs | E37: =G33 -> 67 | P37: Total Dry Outs reported by OMCs | Q37: =T33 -> 126 | AD37: Total Dry Outs reported by OMCs | AE37: =AG33 -> 72 | AO37: Total Dry Outs reported by OMCs | AP37: =AT33 -> 350
D38: Loads Planned | E38: =I33 -> 83 | P38: Loads Planned | Q38: =V33 -> 827 | AD38: Loads Planned | AE38: =AI33 -> 650.4 | AO38: Loads Planned | AP38: =AV33 -> 1560.4
D39: Loads Dispatched | E39: =J33 -> 323 | P39: Loads Dispatched | Q39: =W33 -> 305 | AD39: Loads Dispatched | AE39: =AJ33 -> 288 | AO39: Loads Dispatched | AP39: =AW33 -> 916
D40: Loads Received | E40: =K33 -> 30 | P40: Loads Received | Q40: =X33 -> 96 | AD40: Loads Received | AE40: =AK33 -> 146 | AO40: Loand Received | AP40: =AX33 -> 272
D41: Quantity Dispatched MS (in KL) | E41: =L33 -> 1796 | P41: Quantity Dispatched MS (in KL) | Q41: =Y33 -> 1789 | AD41: Quantity Dispatched MS (in KL) | AE41: =AL33 -> 1285 | AO41: Quantity Dispatched MS (in KL) | AP41: =AY33 -> 4870
D42: Quantity Dispatched HSD (in KL) | E42: =M33 -> 3136 | P42: Quantity Dispatched HSD (in KL) | Q42: =Z33 -> 2762 | AD42: Quantity Dispatched HSD (in KL) | AE42: =AM33 -> 2572 | AO42: Quantity Dispatched HSD (in KL) | AP42: =AZ33 -> 8470

Sheet Sheet3
C1: new | D1: old
B2: ALLURI SEETHARAMA RAJU | C2: 1 | E2: 1
B3: Annamayya | C3: 10 | E3: 10
B4: Bapatla | C4: 8 | E4: 8
B5: Chittoor | C5: 4 | E5: 4
B6: Dr Ambedkar Konaseema | C6: 1 | D6: 1 | E6: 2
B7: East Godavari | C7: 2 | D7: 1 | E7: 3
B8: Eluru | C8: 2 | D8: 8 | E8: 10
B9: Guntur | C9: 3 | E9: 3
B10: Kakinada | C10: 9 | D10: 2 | E10: 11
B11: Kurnool | C11: 4 | E11: 4
B12: Markapuram | C12: 4 | E12: 4
B13: Nandyal | C13: 1 | E13: 1
B14: NTR | C14: 6 | D14: 1 | E14: 7
B15: Palnadu | C15: 4 | E15: 4
B16: Parvathipuram Manyam | C16: 1 | E16: 1
B17: Prakasam | C17: 3 | D17: 3 | E17: 6
B18: SPS NELLORE | C18: 12 | E18: 12
B19: Sri Satya Sai | C19: 2 | E19: 2
B20: Srikakulam | C20: 6 | E20: 6
B21: Visakhapatnam | C21: 2 | E21: 2
B22: Vizianagaram | C22: 1 | E22: 1

Sheet Sheet2
C1: New dryout | D1: Old Dryout | E1: Grand Total
B2: ALLURI SEETHARAMA RAJU | C2: 1 | E2: 1
B3: Annamayya | C3: 7 | E3: 7
B4: Bapatla | C4: 19 | E4: 19
B5: Chittoor | C5: 2 | E5: 2
B6: Dr Ambedkar Konaseema | D6: 4 | E6: 4
B7: East Godavari | C7: 5 | E7: 5
B8: Eluru | C8: 1 | D8: 10 | E8: 11
B9: Guntur | C9: 3 | E9: 3
B10: Kakinada | C10: 9 | E10: 9
B11: Kurnool | C11: 3 | D11: 2 | E11: 5
B12: Markapuram | C12: 10 | E12: 10
B13: Nandyal | D13: 2 | E13: 2
B14: NTR | C14: 17 | D14: 9 | E14: 26
B15: Palnadu | C15: 4 | E15: 4
B16: Prakasam | C16: 9 | D16: 11 | E16: 20
B17: SPS NELLORE | D17: 6 | E17: 6
B18: Sri Satya Sai | C18: 1 | D18: 2 | E18: 3
B19: Srikakulam | C19: 4 | E19: 4
B20: Vizianagaram | C20: 1 | E20: 1

Sheet Sheet1
C1: New dryout | D1: Old Dryout | E1: Grand Total
B2: ALLURI SEETHARAMA RAJU | C2: 1 | E2: 1
B3: Annamayya | C3: 8 | E3: 8
B4: Bapatla | C4: 12 | E4: 12
B5: Chittoor | C5: 1 | E5: 1
B6: Dr Ambedkar Konaseema | D6: 7 | E6: 7
B7: East Godavari | C7: 5 | E7: 5
B8: Eluru | D8: 7 | E8: 7
B9: Guntur | C9: 4 | D9: 9 | E9: 13
B10: Kakinada | C10: 3 | E10: 3
B11: Kurnool | D11: 1 | E11: 1
B12: Markapuram | C12: 12 | E12: 12
B13: NTR | C13: 5 | D13: 5 | E13: 10
B14: Palnadu | C14: 19 | E14: 19
B15: Prakasam | C15: 7 | D15: 6 | E15: 13
B16: SPS NELLORE | D16: 6 | E16: 6
B17: Sri Satya Sai | C17: 2 | E17: 2
B18: Srikakulam | C18: 5 | E18: 5
B19: Visakhapatnam | C19: 4 | E19: 4
B20: Vizianagaram | C20: 3 | E20: 3

Sheet Total Summery
A1: District wise Dry Out outlets and disptach Report as on 28-04-2026 @ 11.00 AM
A2: S.NO | B2: District Name | C2: Total Outlets Count | D2: Reported by Districts | G2: No of Outlets Dry out reported by OMCs | H2: Total Loads Indented by RO | I2: Total Loads Planned | J2: No. of Loads Dispatched to RO | K2: No. of Loads Delivered to RO | L2: Quantity Dispatched | N2: Nozzle Sales
D3: Out of Total Dry outs reported as on yesterday still Continueing | E3: New Dry outs Added on 28.04.2026 | F3: Total Dry outs | L3: MS (in KL) | M3: HSD (in KL) | N3: MS (in KL) | O3: HSD (in KL)
A4: 1 | B4: Srikakulam | C4: 143 | D4: 10 | E4: 0 | F4: 10 | G4: 10 | H4: 100 | I4: 63.4 | J4: 24 | K4: 10 | L4: 148 | M4: 196 | N4: 149.37986 | O4: 208.45
A5: 2 | B5: Vizianagaram | C5: 129 | D5: 6 | E5: 3 | F5: 9 | G5: 11 | H5: 74 | I5: 51 | J5: 16 | K5: 3 | L5: 88 | M5: 156 | N5: 127.401 | O5: 193.99686
A6: 3 | B6: PARVATHIPURAM MANYAM | C6: 53 | D6: 1 | E6: 0 | F6: 1 | G6: 3 | H6: 20 | I6: 11.4 | J6: 8 | K6: 2 | L6: 41 | M6: 68 | N6: 34.800714 | O6: 51.378286
A7: 4 | B7: VISAKHAPATNAM | C7: 122 | D7: 0 | E7: 3 | F7: 3 | G7: 1 | H7: 81 | I7: 58 | J7: 39 | K7: 8 | L7: 303 | M7: 381 | N7: 269.71471 | O7: 342.29929
A8: 5 | B8: Anakapalli | C8: 161 | D8: 0 | E8: 0 | F8: 0 | G8: 5 | H8: 116 | I8: 76.8 | J8: 43 | K8: 8 | L8: 180 | M8: 511 | N8: 129.03086 | O8: 404.679
A9: 6 | B9: Polavaram | C9: 12 | D9: 0 | E9: 1 | F9: 1 | G9: 3 | H9: 1 | I9: 0.8 | J9: 1 | K9: 0 | L9: 3 | M9: 8 | N9: 4.2 | O9: 3.1
A10: 7 | B10: East Godavari | C10: 192 | D10: 6 | E10: 5 | F10: 11 | G10: 10 | H10: 125 | I10: 65.4 | J10: 54 | K10: 13 | L10: 255 | M10: 487 | N10: 197.86486 | O10: 325.07129
A11: 8 | B11: Kakinada | C11: 182 | D11: 17 | E11: 0 | F11: 17 | G11: 15 | H11: 94 | I11: 62.6 | J11: 40 | K11: 11 | L11: 229 | M11: 379 | N11: 157.36343 | O11: 295.612
A12: 9 | B12: ALLURI SEETHARAMA RAJU | C12: 22 | D12: 3 | E12: 0 | F12: 3 | G12: 3 | H12: 13 | I12: 7.6 | J12: 8 | K12: 2 | L12: 42 | M12: 55 | N12: 32.305286 | O12: 56.859714
A13: 10 | B13: Dr Ambedkar Konaseema | C13: 108 | D13: 7 | E13: 3 | F13: 10 | G13: 15 | H13: 60 | I13: 34.8 | J13: 23 | K13: 4 | L13: 117 | M13: 221 | N13: 125.85257 | O13: 185.557
A14: 11 | B14: West Godavari | C14: 161 | D14: 24 | E14: 2 | F14: 26 | G14: 15 | H14: 100 | I14: 46.6 | J14: 33 | K14: 12 | L14: 164 | M14: 314 | N14: 155.95929 | O14: 298.94414
A15: 12 | B15: Eluru | C15: 227 | D15: 19 | E15: 1 | F15: 20 | G15: 12 | H15: 131 | I15: 83 | J15: 27 | K15: 11 | L15: 169 | M15: 236 | N15: 156.30029 | O15: 286.056
... A31: 28 | B31: SRI SATYA SAI | C31: 129 | D31: 2 | E31: 0 | F31: 2 | G31: 2 | H31: 75 | I31: 41.4 | J31: 31 | K31: 12 | L31: 171 | M31: 259 | N31: 82.688016 | O31: 101.69955
A32: Total | C32: =SUM(C4:C31) -> 4345 | D32: =SUM(D4:D31) -> 302 | E32: =SUM(E4:E31) -> 76 | F32: =SUM(F4:F31) -> 378 | G32: =SUM(G4:G31) -> 350 | H32: =SUM(H4:H31) -> 2651 | I32: =SUM(I4:I31) -> 1560.4 | J32: =SUM(J4:J31) -> 916 | ... O32: =SUM(O4:O31) -> 6263.7933
B34: IOCL- Normal Scenario | G34: HPCL- Normal Scenario | L34: BPCL- Normal Scenario
B35: Avg. No. of Load Dispatches | C35: 340 | G35: Avg. No. of Load Dispatches | H35: 310 | L35: Avg. No. of Load Dispatches | M35: 310
B36: Avg. Qty. of MS Dispatches (in KL) | C36: 2120 | G36: Avg. Qty. of MS Dispatches (in KL) | H36: 1800 | L36: Avg. Qty. of MS Dispatches (in KL) | M36: 1730
B37: Avg. Qty. Of HSD Dispatches (in KL) | C37: 3250 | G37: Avg. Qty. Of HSD Dispatches (in KL) | H37: 2365 | L37: Avg. Qty. Of HSD Dispatches (in KL) | M37: 2890
B39: IOCL- Present Status | G39: HPCL- Present Status | L39: BPCL- Present Status
B40: Dry Outs as per Districts | C40: ='OMC wise Summery'!F33 -> 152 | G40: Dry Outs as per Districts | H40: ='OMC wise Summery'!S33 -> 142 | L40: Dry Outs as per Districts | M40: ='OMC wise Summery'!AF33 -> 90
B41: Dry Outs as per OMCs | C41: ='OMC wise Summery'!G33 -> 67 | G41: Dry Outs as per OMCs | H41: ='OMC wise Summery'!T33 -> 126 | L41: Dry Outs as per OMCs | M41: ='OMC wise Summery'!AG33 -> 72
B42: Loads Planned for Today | C42: ='OMC wise Summery'!I33 -> 83 | G42: Loads Planned for Today | H42: ='OMC wise Summery'!V33 -> 827 | L42: Loads Planned for Today | M42: ='OMC wise Summery'!AI33 -> 650.4
B43: Loads Dispatched Today | C43: ='OMC wise Summery'!J33 -> 323 | G43: Loads Dispatched Today | H43: ='OMC wise Summery'!W33 -> 305 | L43: Loads Dispatched Today | M43: ='OMC wise Summery'!AJ33 -> 288
B44: Loads Delivered Today | C44: ='OMC wise Summery'!K33 -> 30 | G44: Loads Delivered Today | H44: ='OMC wise Summery'!X33 -> 96 | L44: Loads Delivered Today | M44: ='OMC wise Summery'!AK33 -> 146
B45: Qty. of Dispatched MS Today (in KL) | C45: ='OMC wise Summery'!L33 -> 1796 | G45: Qty. of Dispatched MS Today (in KL) | H45: ='OMC wise Summery'!Y33 -> 1789 | L45: Qty. of Dispatched MS Today (in KL) | M45: ='OMC wise Summery'!AL33 -> 1285
B46: Qty. of HSD Dispatched Today (in KL) | C46: ='OMC wise Summery'!M33 -> 3136 | G46: Qty. of HSD Dispatched Today (in KL) | H46: ='OMC wise Summery'!Z33 -> 2762 | L46: Qty. of HSD Dispatched Today (in KL) | M46: ='OMC wise Summery'!AM33 -> 2572
